{
  "n": 30,
  "success_at_1": 0.43333333333333335,
  "success_at_3": 0.6333333333333333,
  "success_at_5": 0.6333333333333333,
  "hallucination_rate": 0.1,
  "constraint_violation_rate": 0.03333333333333333,
  "need_to_specify_rate": 0.0,
  "empty_response_rate": 0.0,
  "total": 30,
  "categories": {
    "diet": {
      "n": 30,
      "success_at_1": 0.43333333333333335,
      "success_at_3": 0.6333333333333333,
      "success_at_5": 0.6333333333333333,
      "hallucination_rate": 0.1,
      "constraint_violation_rate": 0.03333333333333333,
      "need_to_specify_rate": 0.0,
      "empty_response_rate": 0.0
    }
  },
  "latency_ms": {
    "median": 26592.79,
    "p95": 55175.69499999992
  }
}