{
  "n": 30,
  "success_at_1": 0.43333333333333335,
  "success_at_3": 0.5666666666666667,
  "success_at_5": 0.5666666666666667,
  "hallucination_rate": 0.36666666666666664,
  "constraint_violation_rate": 0.03333333333333333,
  "need_to_specify_rate": 0.03333333333333333,
  "empty_response_rate": 0.0,
  "total": 30,
  "categories": {
    "lexical": {
      "n": 30,
      "success_at_1": 0.43333333333333335,
      "success_at_3": 0.5666666666666667,
      "success_at_5": 0.5666666666666667,
      "hallucination_rate": 0.36666666666666664,
      "constraint_violation_rate": 0.03333333333333333,
      "need_to_specify_rate": 0.03333333333333333,
      "empty_response_rate": 0.0
    }
  },
  "latency_ms": {
    "median": 22656.68,
    "p95": 77606.60449999999
  }
}