{
  "n": 30,
  "success_at_1": 0.5666666666666667,
  "success_at_3": 0.16666666666666666,
  "success_at_5": 0.16666666666666666,
  "hallucination_rate": 0.03333333333333333,
  "constraint_violation_rate": 0.13333333333333333,
  "need_to_specify_rate": 0.0,
  "empty_response_rate": 0.0,
  "total": 30,
  "categories": {
    "diet": {
      "n": 30,
      "success_at_1": 0.5666666666666667,
      "success_at_3": 0.16666666666666666,
      "success_at_5": 0.16666666666666666,
      "hallucination_rate": 0.03333333333333333,
      "constraint_violation_rate": 0.13333333333333333,
      "need_to_specify_rate": 0.0,
      "empty_response_rate": 0.0
    }
  },
  "latency_ms": {
    "median": 20365.305,
    "p95": 59094.20599999999
  }
}